#Sujan Shrestha
#CS411 Phase 4
#April 27,2015

--------------
DROP DATABASE IF EXISTS airline
--------------

Query OK, 13 rows affected (1.38 sec)

--------------
CREATE DATABASE airline
--------------

Query OK, 1 row affected (0.02 sec)

--------------
CREATE TABLE airplane(
AirplaneId 	   	  VARCHAR(10) NOT NULL,
AirlineCompany    VARCHAR(35) NOT NULL,
CrewSeats         INTEGER(4),
PassengerSeats    INTEGER(4),
AirplaneTypeName  VARCHAR(30)NOT NULL,
PRIMARY KEY(AirplaneId)
)
--------------

Query OK, 0 rows affected (0.26 sec)

--------------
CREATE TABLE airport (

AirportId 	VARCHAR(30) NOT NULL,
AName 		VARCHAR(50) NOT NULL,
Location 	VARCHAR(30),
PRIMARY KEY(AirportId) 
)
--------------

Query OK, 0 rows affected (0.31 sec)

--------------
CREATE TABLE flight( 
FlightNum 		VARCHAR(30) NOT NULL,
FlightType  	VARCHAR(30),
FAirlineCompany  VARCHAR(30),
AirplaneId 		VARCHAR(10) NOT NULL,
AAirportId 		VARCHAR(30) NOT NULL,
DAirportId 		VARCHAR(30) NOT NULL,
PRIMARY KEY (FlightNum),

FOREIGN KEY(AirplaneId) REFERENCES airplane(AirplaneId)
on update cascade
on delete cascade,
FOREIGN KEY(AAirportId) REFERENCES airport(AirportId)
on update cascade
on delete cascade,
FOREIGN KEY(DAirportId) REFERENCES airport(AirportId)
on update cascade
on delete cascade
)
--------------

Query OK, 0 rows affected (0.51 sec)

--------------
CREATE TABLE arrives( 
ArrivalTime   DATETIME,
FlightNum 	  VARCHAR(30)NOT NULL,
AirportId     VARCHAR(30)NOT NULL,
PRIMARY KEY (FlightNum,AirportId),
FOREIGN KEY(FlightNum) REFERENCES flight(FlightNum)
on update cascade
on delete cascade,
FOREIGN KEY(AirportId) REFERENCES airport(AirportId)
on update cascade
on delete cascade)
--------------

Query OK, 0 rows affected (0.33 sec)

--------------
CREATE TABLE departs( 
DepartureTime  DATETIME,
FlightNum 	   VARCHAR(30)NOT NULL,
AirportId      VARCHAR(30)NOT NULL,
PRIMARY KEY (FlightNum,AirportId),
FOREIGN KEY(FlightNum) REFERENCES flight(FlightNum)
on update cascade
on delete cascade,
FOREIGN KEY(AirportId) REFERENCES airport(AirportId)
on update cascade
on delete cascade)
--------------

Query OK, 0 rows affected (0.34 sec)

--------------
CREATE TABLE payment( 
CreditCardNum  VARCHAR(16) NOT Null,
CreditCardType VARCHAR(30)NOT NULL, 
PDate 		   DATE,
ExpirationDate DATE,
Status 		   BIT NOT NULL,
ConfirmationNumber VARCHAR(30)NOT NULL,
SecurityCode INTEGER,
BillingAddress VARCHAR(70)NOT NULL,
BillingName VARCHAR(30)NOT NULL,
BillingZip INTEGER, 
PRIMARY KEY (CreditCardNum,ConfirmationNumber))
--------------

Query OK, 0 rows affected (0.29 sec)

--------------
CREATE TABLE itinerary(
ItineraryId 	VARCHAR(30)NOT NULL,
LegNum 			Integer,
SeatNumber      VARCHAR(30)NOT NULL,

PRIMARY KEY(ItineraryId )


)
--------------

Query OK, 0 rows affected (0.27 sec)

--------------
CREATE TABLE requires( 
FlightNum   VARCHAR(30) NOT NULL,
ItineraryId VARCHAR(30) NOT NULL,
PRIMARY KEY (FlightNum,ItineraryId),
FOREIGN KEY(FlightNum) REFERENCES FLIGHT(FlightNum)
on update cascade
on delete cascade,
FOREIGN KEY(ItineraryId) REFERENCES ITINERARY(ItineraryId)
on update cascade
on delete cascade)
--------------

Query OK, 0 rows affected (0.36 sec)

--------------
CREATE TABLE passenger(
IdNum   varchar(14) not null,
IdType 	  varchar(8) not null,
FName 	  varchar(15) not null, 
Minit     varchar(1),
LName 	  varchar(15) not null,
Phone 	  varchar(15),
Email 	  varchar(30),
Address   varchar(70),
DOB		  date,
PaymentId VARCHAR(16) NOT Null,
ItineraryId VARCHAR(30)NOT NULL,
PRIMARY KEY(IdNum,IdType),
FOREIGN KEY (PaymentId) References payment(CreditCardNum)
on update cascade
on delete cascade,
FOREIGN KEY(ItineraryId) REFERENCES itinerary(ItineraryId)
on update cascade
on delete cascade)
--------------

Query OK, 0 rows affected (0.31 sec)

--------------
CREATE TABLE has( 
Fare 		DECIMAL(7,2) NOT Null,
ItineraryId VARCHAR(30)NOT NULL,
PassengerId VARCHAR(30)NOT NULL,
PRIMARY KEY (ItineraryId,PassengerId),
FOREIGN KEY(ItineraryId) REFERENCES itinerary(ItineraryId)
on update cascade
on delete cascade,
FOREIGN KEY(PassengerId) REFERENCES passenger(IdNum)
on update cascade
on delete cascade)
--------------

Query OK, 0 rows affected (0.36 sec)

--------------
INSERT INTO airplane VALUES (450,'Ferris Aircrafts',10,227,'Air QOSBXs 682')
--------------

Query OK, 1 row affected (0.04 sec)

--------------
INSERT INTO airplane VALUES (451,'Oceanic Airlines',17,116,'Air WPNbFZ 128')
--------------

Query OK, 1 row affected (0.05 sec)

--------------
INSERT INTO airplane VALUES (452,'Solar Airways',16,298,'Air BbXYuu 710')
--------------

Query OK, 1 row affected (0.08 sec)

--------------
INSERT INTO airplane VALUES (453,'Star Tours Airline',13,305,'Air SSjtiS 498')
--------------

Query OK, 1 row affected (0.08 sec)

--------------
INSERT INTO airplane VALUES (454,'Virtual Airline',12,800,'Air ZzAWvV 174')
--------------

Query OK, 1 row affected (0.04 sec)

--------------
INSERT INTO airplane VALUES (455,'Wayne Airlines',21,253,'Air YLjEJR 423')
--------------

Query OK, 1 row affected (0.03 sec)

--------------
INSERT INTO airplane VALUES (456,'LEX Airways',18,251,'Air MEPsvJ 948')
--------------

Query OK, 1 row affected (0.05 sec)

--------------
INSERT INTO airplane VALUES (457,'Laserebeak Airlines',21,312,'Air RXbORg 192')
--------------

Query OK, 1 row affected (0.03 sec)

--------------
INSERT INTO airplane VALUES (458,'Phoenix Airlines',20,99,'Air QCOjdx 012')
--------------

Query OK, 1 row affected (0.05 sec)

--------------
INSERT INTO airplane VALUES (459,'Stark Airlines',14,357,'Air OvoJfk 900')
--------------

Query OK, 1 row affected (0.05 sec)

--------------
INSERT INTO airport VALUES ('gWyc4tfA6t4BtXH','Guantanamo International Airport','Moore')
--------------

Query OK, 1 row affected (0.05 sec)

--------------
INSERT INTO airport VALUES ('FwCmHpN','Justice League International Airport','Miami Beach')
--------------

Query OK, 1 row affected (0.05 sec)

--------------
INSERT INTO airport VALUES ('nHBE5YFBbzuY','Valkyrie International Airport','Ontario')
--------------

Query OK, 1 row affected (0.03 sec)

--------------
INSERT INTO airport VALUES ('hnP8JfJK','Blitz Krieg Airport','New Castle')
--------------

Query OK, 1 row affected (0.06 sec)

--------------
INSERT INTO airport VALUES ('4Go6XIuL','Dallas International Airport','Montpelier')
--------------

Query OK, 1 row affected (0.05 sec)

--------------
INSERT INTO airport VALUES ('v5sf6ix','Boston Harbor Airport','Visalia')
--------------

Query OK, 1 row affected (0.05 sec)

--------------
INSERT INTO airport VALUES ('PwEfmKxhl','Laguardia International Airport','Salinas')
--------------

Query OK, 1 row affected (0.03 sec)

--------------
INSERT INTO airport VALUES ('AV5skTl0n2zVz','Denver International Airport','Santa Clara')
--------------

Query OK, 1 row affected (0.05 sec)

--------------
INSERT INTO airport VALUES ('7Z2cRr3ITF','Atlantis International Airport','Pullman')
--------------

Query OK, 1 row affected (0.03 sec)

--------------
INSERT INTO airport VALUES ('mMWDx4tt','Seattle International Airport','Austin')
--------------

Query OK, 1 row affected (0.05 sec)

--------------
INSERT INTO flight VALUES ('Eft2w3uVQ','Transatlantic','Ferris Aircrafts',450,'gWyc4tfA6t4BtXH','FwCmHpN')
--------------

Query OK, 1 row affected (0.03 sec)

--------------
INSERT INTO flight VALUES ('LnnlXeQDHFfNp8','Transatlantic','Oceanic Airlines',451,'FwCmHpN','gWyc4tfA6t4BtXH')
--------------

Query OK, 1 row affected (0.05 sec)

--------------
INSERT INTO flight VALUES ('cFFowFSb3','Domestic','Solar Airways',452,'nHBE5YFBbzuY','hnP8JfJK')
--------------

Query OK, 1 row affected (0.12 sec)

--------------
INSERT INTO flight VALUES ('S4A5JdS3UC1g5A','Domestic','Star Tours Airline',453,'hnP8JfJK','nHBE5YFBbzuY')
--------------

Query OK, 1 row affected (0.05 sec)

--------------
INSERT INTO flight VALUES ('3XTSc0w1','Transatlantic','Virtual Airline',454,'4Go6XIuL','v5sf6ix')
--------------

Query OK, 1 row affected (0.04 sec)

--------------
INSERT INTO flight VALUES ('V0yB0shIgXjuewyw','Interanational','Wayne Airlines',455,'v5sf6ix','4Go6XIuL')
--------------

Query OK, 1 row affected (0.02 sec)

--------------
INSERT INTO flight VALUES ('jU7nSX3Vkjw','Transatlantic','LEX Airways',456,'PwEfmKxhl','AV5skTl0n2zVz')
--------------

Query OK, 1 row affected (0.06 sec)

--------------
INSERT INTO flight VALUES ('aAk7c9t','Domestic','Laserebeak Airlines',457,'AV5skTl0n2zVz','PwEfmKxhl')
--------------

Query OK, 1 row affected (0.05 sec)

--------------
INSERT INTO flight VALUES ('fEkbR3Ll1ZR1bOdj','Domestic','Phoenix Airlines',458,'7Z2cRr3ITF','mMWDx4tt')
--------------

Query OK, 1 row affected (0.03 sec)

--------------
INSERT INTO flight VALUES ('s8wF5NC2WcL','Interanational','Stark Airlines',459,'mMWDx4tt','7Z2cRr3ITF')
--------------

Query OK, 1 row affected (0.05 sec)

--------------
INSERT INTO arrives VALUES ('2015-12-19 8:17:47','s8wF5NC2WcL','mMWDx4tt')
--------------

Query OK, 1 row affected (0.04 sec)

--------------
INSERT INTO arrives VALUES ('2015-4-23 10:52:39','fEkbR3Ll1ZR1bOdj','7Z2cRr3ITF')
--------------

Query OK, 1 row affected (0.03 sec)

--------------
INSERT INTO arrives VALUES ('2015-3-14 5:14:46','aAk7c9t','AV5skTl0n2zVz')
--------------

Query OK, 1 row affected (0.05 sec)

--------------
INSERT INTO arrives VALUES ('2015-7-25 3:18:54','jU7nSX3Vkjw','PwEfmKxhl')
--------------

Query OK, 1 row affected (0.05 sec)

--------------
INSERT INTO arrives VALUES ('2015-9-22 11:31:39','V0yB0shIgXjuewyw','v5sf6ix')
--------------

Query OK, 1 row affected (0.03 sec)

--------------
INSERT INTO arrives VALUES ('2015-2-17 14:28:42','3XTSc0w1','4Go6XIuL')
--------------

Query OK, 1 row affected (0.05 sec)

--------------
INSERT INTO arrives VALUES ('2015-11-15 23:04:23','S4A5JdS3UC1g5A','hnP8JfJK')
--------------

Query OK, 1 row affected (0.03 sec)

--------------
INSERT INTO arrives VALUES ('2015-8-11 13:26:43','cFFowFSb3','nHBE5YFBbzuY')
--------------

Query OK, 1 row affected (0.05 sec)

--------------
INSERT INTO arrives VALUES ('2015-7-12 20:19:20','LnnlXeQDHFfNp8','FwCmHpN')
--------------

Query OK, 1 row affected (0.03 sec)

--------------
INSERT INTO arrives VALUES ('2015-10-27 1:53:50','Eft2w3uVQ','gWyc4tfA6t4BtXH')
--------------

Query OK, 1 row affected (0.05 sec)

--------------
INSERT INTO departs VALUES ('2015-12-18 5:02:01','s8wF5NC2WcL','7Z2cRr3ITF')
--------------

Query OK, 1 row affected (0.03 sec)

--------------
INSERT INTO departs VALUES ('2015-4-22 9:02:43','fEkbR3Ll1ZR1bOdj','mMWDx4tt')
--------------

Query OK, 1 row affected (0.05 sec)

--------------
INSERT INTO departs VALUES ('2015-3-13 15:37:48','aAk7c9t','PwEfmKxhl')
--------------

Query OK, 1 row affected (0.11 sec)

--------------
INSERT INTO departs VALUES ('2015-7-24 14:16:21','jU7nSX3Vkjw','AV5skTl0n2zVz')
--------------

Query OK, 1 row affected (0.04 sec)

--------------
INSERT INTO departs VALUES ('2015-9-21 8:14:52','V0yB0shIgXjuewyw','4Go6XIuL')
--------------

Query OK, 1 row affected (0.05 sec)

--------------
INSERT INTO departs VALUES ('2015-2-16 9:24:41','3XTSc0w1','v5sf6ix')
--------------

Query OK, 1 row affected (0.05 sec)

--------------
INSERT INTO departs VALUES ('2015-11-14 7:11:51','S4A5JdS3UC1g5A','nHBE5YFBbzuY')
--------------

Query OK, 1 row affected (0.05 sec)

--------------
INSERT INTO departs VALUES ('2015-8-10 15:30:52','cFFowFSb3','hnP8JfJK')
--------------

Query OK, 1 row affected (0.03 sec)

--------------
INSERT INTO departs VALUES ('2015-7-11 3:19:55','LnnlXeQDHFfNp8','gWyc4tfA6t4BtXH')
--------------

Query OK, 1 row affected (0.04 sec)

--------------
INSERT INTO departs VALUES ('2015-10-26 15:08:31','Eft2w3uVQ','FwCmHpN')
--------------

Query OK, 1 row affected (0.05 sec)

--------------
INSERT INTO payment VALUES ('4331299394247220','Visa','2015/06/28','2019/07/23',0,'XlRAy57tSx3Z',123,'84483 South Mozambique St.','Ali S Fernandez','26630')
--------------

Query OK, 1 row affected (0.03 sec)

--------------
INSERT INTO payment VALUES ('0708457189565092','MasterCard','2015/08/29','2019/01/28',1,'upEWdvhodcz0',345,'40609 North Lithuania Ln.','Jessica Y Willis','79796')
--------------

Query OK, 1 row affected (0.05 sec)

--------------
INSERT INTO payment VALUES ('0528235582485817','Discover','2015/05/10','2019/09/13',0,'2c0aQGYyHQSp',987,'50686 South Falkland Islands (Malvinas) Ln.','Chandler F Mercado','22120')
--------------

Query OK, 1 row affected (0.09 sec)

--------------
INSERT INTO payment VALUES ('1638510283552897','American Express','2015/10/22','2016/12/09',1,'bASptOkWKzRZ',852,'16558 South Kona Ct.','Nehru A Whitney','49958')
--------------

Query OK, 1 row affected (0.08 sec)

--------------
INSERT INTO payment VALUES ('1504932062756989','American Express','2015/02/27','2016/06/03',1,'LMqk5BJUMrpk',357,'1605 East Namibia Blvd.','Phelan K Nicholson','94592')
--------------

Query OK, 1 row affected (0.03 sec)

--------------
INSERT INTO payment VALUES ('2667953123847744','Discover','2015/09/06','2019/08/15',0,'L9lmvpfDav4u',539,'33924 North Cocos (Keeling) Islands Blvd.','Amir H Fowler','08943')
--------------

Query OK, 1 row affected (0.05 sec)

--------------
INSERT INTO payment VALUES ('9432417733935053','Discover','2015/01/04','2017/03/09',1,'7kvhdXUGWfSp',789,'84345 West Cambodia St.','Jason X Lane','01724')
--------------

Query OK, 1 row affected (0.06 sec)

--------------
INSERT INTO payment VALUES ('3576428735796129','American Express','2015/07/30','2018/09/07',1,'hf41HasPrQjf',423,'58608 North Bulgaria Ln.','Chava G Pugh','35477')
--------------

Query OK, 1 row affected (0.03 sec)

--------------
INSERT INTO payment VALUES ('6824082366125565','American Express','2015/06/08','2017/09/06',1,'dw7srtRZWT51',073,'13537  Bangladesh Ln.','Wyatt A Guerrero','12290')
--------------

Query OK, 1 row affected (0.04 sec)

--------------
INSERT INTO payment VALUES ('7049044963388063','MasterCard','2015/04/24','2016/07/24',0,'Nh09BA9KJLeh',356,'57371 East Bahrain Way','Cassady J Carey','68674')
--------------

Query OK, 1 row affected (0.03 sec)

--------------
INSERT INTO itinerary VALUES ('1U9G34g8va',2,'077A')
--------------

Query OK, 1 row affected (0.05 sec)

--------------
INSERT INTO itinerary VALUES ('0r3u48p7HI',2,'028C')
--------------

Query OK, 1 row affected (0.04 sec)

--------------
INSERT INTO itinerary VALUES ('7q0t92x8Fs',4,'009B')
--------------

Query OK, 1 row affected (0.05 sec)

--------------
INSERT INTO itinerary VALUES ('0z1U27j1Ni',0,'191A')
--------------

Query OK, 1 row affected (0.03 sec)

--------------
INSERT INTO itinerary VALUES ('6J9F00Z8iv',0,'210B')
--------------

Query OK, 1 row affected (0.04 sec)

--------------
INSERT INTO itinerary VALUES ('8R7o79Z1Na',2,'197B')
--------------

Query OK, 1 row affected (0.04 sec)

--------------
INSERT INTO itinerary VALUES ('9w0s77m5wu',3,'047C')
--------------

Query OK, 1 row affected (0.04 sec)

--------------
INSERT INTO itinerary VALUES ('2z6A63H8lI',3,'020A')
--------------

Query OK, 1 row affected (0.04 sec)

--------------
INSERT INTO itinerary VALUES ('6L0r91u4ic',4,'257D')
--------------

Query OK, 1 row affected (0.04 sec)

--------------
INSERT INTO itinerary VALUES ('9c0P37N5Kq',2,'002A')
--------------

Query OK, 1 row affected (0.03 sec)

--------------
INSERT INTO requires VALUES ('s8wF5NC2WcL','9c0P37N5Kq')
--------------

Query OK, 1 row affected (0.05 sec)

--------------
INSERT INTO requires VALUES ('fEkbR3Ll1ZR1bOdj','6L0r91u4ic')
--------------

Query OK, 1 row affected (0.03 sec)

--------------
INSERT INTO requires VALUES ('aAk7c9t','2z6A63H8lI')
--------------

Query OK, 1 row affected (0.11 sec)

--------------
INSERT INTO requires VALUES ('jU7nSX3Vkjw','9w0s77m5wu')
--------------

Query OK, 1 row affected (0.05 sec)

--------------
INSERT INTO requires VALUES ('V0yB0shIgXjuewyw','8R7o79Z1Na')
--------------

Query OK, 1 row affected (0.06 sec)

--------------
INSERT INTO requires VALUES ('3XTSc0w1','6J9F00Z8iv')
--------------

Query OK, 1 row affected (0.05 sec)

--------------
INSERT INTO requires VALUES ('S4A5JdS3UC1g5A','0z1U27j1Ni')
--------------

Query OK, 1 row affected (0.03 sec)

--------------
INSERT INTO requires VALUES ('cFFowFSb3','7q0t92x8Fs')
--------------

Query OK, 1 row affected (0.05 sec)

--------------
INSERT INTO requires VALUES ('LnnlXeQDHFfNp8','0r3u48p7HI')
--------------

Query OK, 1 row affected (0.04 sec)

--------------
INSERT INTO requires VALUES ('Eft2w3uVQ','1U9G34g8va')
--------------

Query OK, 1 row affected (0.05 sec)

--------------
INSERT INTO passenger VALUES ('812Fy7Ya2qa8','License','Cassady','J','Carey','964-946-9768','Cassady@ultricies.org','39942 West Central African Republic Blvd.','1967-07-22','7049044963388063','9c0P37N5Kq')
--------------

Query OK, 1 row affected (0.05 sec)

--------------
INSERT INTO passenger VALUES ('228Mt1Pn4bw1','State ID','Wyatt','A','Guerrero','058-821-1698','Wyatt@consectetuer.us','28111  New Caledonia Way','1996-04-07','6824082366125565','6L0r91u4ic')
--------------

Query OK, 1 row affected (0.03 sec)

--------------
INSERT INTO passenger VALUES ('421Cv0Hz6bv8','License','Chava','G','Pugh','661-996-8856','Chava@laoreet.edu','96196 South Beaver Falls Ave.','1985-04-10','3576428735796129','2z6A63H8lI')
--------------

Query OK, 1 row affected (0.12 sec)

--------------
INSERT INTO passenger VALUES ('238Xb3Yb1bv1','State ID','Jason','X','Lane','611-427-9882','Jason@Nulla.us','84345 West Cambodia St.','1953-09-16','9432417733935053','9w0s77m5wu')
--------------

Query OK, 1 row affected (0.03 sec)

--------------
INSERT INTO passenger VALUES ('977Nm7Rv5uo0','Passport','Amir','H','Fowler','664-043-6230','Amir@nunc.edu','33924 North Cocos (Keeling) Islands Blvd.','1985-04-17','2667953123847744','8R7o79Z1Na')
--------------

Query OK, 1 row affected (0.05 sec)

--------------
INSERT INTO passenger VALUES ('129Sw1Yh1ln5','State ID','Phelan','K','Nicholson','594-502-1280','Phelan@velit.gov','1605 East Namibia Blvd.','1984-03-17','1504932062756989','6J9F00Z8iv')
--------------

Query OK, 1 row affected (0.03 sec)

--------------
INSERT INTO passenger VALUES ('821Hq4Df6ks9','Passport','Nehru','A','Whitney','581-948-3624','Nehru@lacus.net','16558 South Kona Ct.','2007-05-17','1638510283552897','0z1U27j1Ni')
--------------

Query OK, 1 row affected (0.05 sec)

--------------
INSERT INTO passenger VALUES ('532Qt3Ru1fp5','License','Chandler','F','Mercado','804-714-5201','Chandler@erat.us','50665 South Highland Park Blvd.','1959-08-10','0528235582485817','7q0t92x8Fs')
--------------

Query OK, 1 row affected (0.05 sec)

--------------
INSERT INTO passenger VALUES ('316Vy9Lr1zz8','License','Jessica','Y','Willis','629-266-7432','Jessica@urna.gov','40609 North Lithuania Ln.','1980-02-17','0708457189565092','0r3u48p7HI')
--------------

Query OK, 1 row affected (0.04 sec)

--------------
INSERT INTO passenger VALUES ('638Pw9Ix2sa6','Passport','Ali','S','Fernandez','204-351-0297','Ignacia@scelerisque.gov','64847 East Brunei Darussalam Ct.','1996-12-30','4331299394247220','1U9G34g8va')
--------------

Query OK, 1 row affected (0.03 sec)

--------------
INSERT INTO has VALUES (740.26,'9c0P37N5Kq','638Pw9Ix2sa6')
--------------

Query OK, 1 row affected (0.05 sec)

--------------
INSERT INTO has VALUES (274.93,'6L0r91u4ic','316Vy9Lr1zz8')
--------------

Query OK, 1 row affected (0.04 sec)

--------------
INSERT INTO has VALUES (1674.00,'2z6A63H8lI','532Qt3Ru1fp5')
--------------

Query OK, 1 row affected (0.11 sec)

--------------
INSERT INTO has VALUES (958.82,'9w0s77m5wu','821Hq4Df6ks9')
--------------

Query OK, 1 row affected (0.03 sec)

--------------
INSERT INTO has VALUES (81.01,'8R7o79Z1Na','129Sw1Yh1ln5')
--------------

Query OK, 1 row affected (0.05 sec)

--------------
INSERT INTO has VALUES (470.57,'6J9F00Z8iv','977Nm7Rv5uo0')
--------------

Query OK, 1 row affected (0.04 sec)

--------------
INSERT INTO has VALUES (349.93,'0z1U27j1Ni','238Xb3Yb1bv1')
--------------

Query OK, 1 row affected (0.03 sec)

--------------
INSERT INTO has VALUES (211.36,'7q0t92x8Fs','421Cv0Hz6bv8')
--------------

Query OK, 1 row affected (0.14 sec)

--------------
INSERT INTO has VALUES (443.57,'0r3u48p7HI','228Mt1Pn4bw1')
--------------

Query OK, 1 row affected (0.07 sec)

--------------
INSERT INTO has VALUES (278.14,'1U9G34g8va','812Fy7Ya2qa8')
--------------

Query OK, 1 row affected (0.05 sec)

--------------
show tables
--------------

+-------------------+
| Tables_in_airline |
+-------------------+
| airplane          |
| airport           |
| arrives           |
| departs           |
| flight            |
| has               |
| itinerary         |
| passenger         |
| payment           |
| requires          |
+-------------------+
10 rows in set (0.00 sec)

--------------
desc airplane
--------------

+------------------+-------------+------+-----+---------+-------+
| Field            | Type        | Null | Key | Default | Extra |
+------------------+-------------+------+-----+---------+-------+
| AirplaneId       | varchar(10) | NO   | PRI | NULL    |       |
| AirlineCompany   | varchar(35) | NO   |     | NULL    |       |
| CrewSeats        | int(4)      | YES  |     | NULL    |       |
| PassengerSeats   | int(4)      | YES  |     | NULL    |       |
| AirplaneTypeName | varchar(30) | NO   |     | NULL    |       |
+------------------+-------------+------+-----+---------+-------+
5 rows in set (0.00 sec)

--------------
desc airport
--------------

+-----------+-------------+------+-----+---------+-------+
| Field     | Type        | Null | Key | Default | Extra |
+-----------+-------------+------+-----+---------+-------+
| AirportId | varchar(30) | NO   | PRI | NULL    |       |
| AName     | varchar(50) | NO   |     | NULL    |       |
| Location  | varchar(30) | YES  |     | NULL    |       |
+-----------+-------------+------+-----+---------+-------+
3 rows in set (0.00 sec)

--------------
desc arrives
--------------

+-------------+-------------+------+-----+---------+-------+
| Field       | Type        | Null | Key | Default | Extra |
+-------------+-------------+------+-----+---------+-------+
| ArrivalTime | datetime    | YES  |     | NULL    |       |
| FlightNum   | varchar(30) | NO   | PRI | NULL    |       |
| AirportId   | varchar(30) | NO   | PRI | NULL    |       |
+-------------+-------------+------+-----+---------+-------+
3 rows in set (0.00 sec)

--------------
desc departs
--------------

+---------------+-------------+------+-----+---------+-------+
| Field         | Type        | Null | Key | Default | Extra |
+---------------+-------------+------+-----+---------+-------+
| DepartureTime | datetime    | YES  |     | NULL    |       |
| FlightNum     | varchar(30) | NO   | PRI | NULL    |       |
| AirportId     | varchar(30) | NO   | PRI | NULL    |       |
+---------------+-------------+------+-----+---------+-------+
3 rows in set (0.03 sec)

--------------
desc flight
--------------

+-----------------+-------------+------+-----+---------+-------+
| Field           | Type        | Null | Key | Default | Extra |
+-----------------+-------------+------+-----+---------+-------+
| FlightNum       | varchar(30) | NO   | PRI | NULL    |       |
| FlightType      | varchar(30) | YES  |     | NULL    |       |
| FAirlineCompany | varchar(30) | YES  |     | NULL    |       |
| AirplaneId      | varchar(10) | NO   | MUL | NULL    |       |
| AAirportId      | varchar(30) | NO   | MUL | NULL    |       |
| DAirportId      | varchar(30) | NO   | MUL | NULL    |       |
+-----------------+-------------+------+-----+---------+-------+
6 rows in set (0.00 sec)

--------------
desc has
--------------

+-------------+--------------+------+-----+---------+-------+
| Field       | Type         | Null | Key | Default | Extra |
+-------------+--------------+------+-----+---------+-------+
| Fare        | decimal(7,2) | NO   |     | NULL    |       |
| ItineraryId | varchar(30)  | NO   | PRI | NULL    |       |
| PassengerId | varchar(30)  | NO   | PRI | NULL    |       |
+-------------+--------------+------+-----+---------+-------+
3 rows in set (0.02 sec)

--------------
desc itinerary
--------------

+-------------+-------------+------+-----+---------+-------+
| Field       | Type        | Null | Key | Default | Extra |
+-------------+-------------+------+-----+---------+-------+
| ItineraryId | varchar(30) | NO   | PRI | NULL    |       |
| LegNum      | int(11)     | YES  |     | NULL    |       |
| SeatNumber  | varchar(30) | NO   |     | NULL    |       |
+-------------+-------------+------+-----+---------+-------+
3 rows in set (0.00 sec)

--------------
desc passenger
--------------

+-------------+-------------+------+-----+---------+-------+
| Field       | Type        | Null | Key | Default | Extra |
+-------------+-------------+------+-----+---------+-------+
| IdNum       | varchar(14) | NO   | PRI | NULL    |       |
| IdType      | varchar(8)  | NO   | PRI | NULL    |       |
| FName       | varchar(15) | NO   |     | NULL    |       |
| Minit       | varchar(1)  | YES  |     | NULL    |       |
| LName       | varchar(15) | NO   |     | NULL    |       |
| Phone       | varchar(15) | YES  |     | NULL    |       |
| Email       | varchar(30) | YES  |     | NULL    |       |
| Address     | varchar(70) | YES  |     | NULL    |       |
| DOB         | date        | YES  |     | NULL    |       |
| PaymentId   | varchar(16) | NO   | MUL | NULL    |       |
| ItineraryId | varchar(30) | NO   | MUL | NULL    |       |
+-------------+-------------+------+-----+---------+-------+
11 rows in set (0.00 sec)

--------------
desc payment
--------------

+--------------------+-------------+------+-----+---------+-------+
| Field              | Type        | Null | Key | Default | Extra |
+--------------------+-------------+------+-----+---------+-------+
| CreditCardNum      | varchar(16) | NO   | PRI | NULL    |       |
| CreditCardType     | varchar(30) | NO   |     | NULL    |       |
| PDate              | date        | YES  |     | NULL    |       |
| ExpirationDate     | date        | YES  |     | NULL    |       |
| Status             | bit(1)      | NO   |     | NULL    |       |
| ConfirmationNumber | varchar(30) | NO   | PRI | NULL    |       |
| SecurityCode       | int(11)     | YES  |     | NULL    |       |
| BillingAddress     | varchar(70) | NO   |     | NULL    |       |
| BillingName        | varchar(30) | NO   |     | NULL    |       |
| BillingZip         | int(11)     | YES  |     | NULL    |       |
+--------------------+-------------+------+-----+---------+-------+
10 rows in set (0.00 sec)

--------------
desc requires
--------------

+-------------+-------------+------+-----+---------+-------+
| Field       | Type        | Null | Key | Default | Extra |
+-------------+-------------+------+-----+---------+-------+
| FlightNum   | varchar(30) | NO   | PRI | NULL    |       |
| ItineraryId | varchar(30) | NO   | PRI | NULL    |       |
+-------------+-------------+------+-----+---------+-------+
2 rows in set (0.02 sec)

--------------
select * from airplane
--------------

+------------+---------------------+-----------+----------------+------------------+
| AirplaneId | AirlineCompany      | CrewSeats | PassengerSeats | AirplaneTypeName |
+------------+---------------------+-----------+----------------+------------------+
| 450        | Ferris Aircrafts    |        10 |            227 | Air QOSBXs 682   |
| 451        | Oceanic Airlines    |        17 |            116 | Air WPNbFZ 128   |
| 452        | Solar Airways       |        16 |            298 | Air BbXYuu 710   |
| 453        | Star Tours Airline  |        13 |            305 | Air SSjtiS 498   |
| 454        | Virtual Airline     |        12 |            800 | Air ZzAWvV 174   |
| 455        | Wayne Airlines      |        21 |            253 | Air YLjEJR 423   |
| 456        | LEX Airways         |        18 |            251 | Air MEPsvJ 948   |
| 457        | Laserebeak Airlines |        21 |            312 | Air RXbORg 192   |
| 458        | Phoenix Airlines    |        20 |             99 | Air QCOjdx 012   |
| 459        | Stark Airlines      |        14 |            357 | Air OvoJfk 900   |
+------------+---------------------+-----------+----------------+------------------+
10 rows in set (0.00 sec)

--------------
select * from airport
--------------

+-----------------+--------------------------------------+-------------+
| AirportId       | AName                                | Location    |
+-----------------+--------------------------------------+-------------+
| 4Go6XIuL        | Dallas International Airport         | Montpelier  |
| 7Z2cRr3ITF      | Atlantis International Airport       | Pullman     |
| AV5skTl0n2zVz   | Denver International Airport         | Santa Clara |
| FwCmHpN         | Justice League International Airport | Miami Beach |
| gWyc4tfA6t4BtXH | Guantanamo International Airport     | Moore       |
| hnP8JfJK        | Blitz Krieg Airport                  | New Castle  |
| mMWDx4tt        | Seattle International Airport        | Austin      |
| nHBE5YFBbzuY    | Valkyrie International Airport       | Ontario     |
| PwEfmKxhl       | Laguardia International Airport      | Salinas     |
| v5sf6ix         | Boston Harbor Airport                | Visalia     |
+-----------------+--------------------------------------+-------------+
10 rows in set (0.00 sec)

--------------
select * from arrives
--------------

+---------------------+------------------+-----------------+
| ArrivalTime         | FlightNum        | AirportId       |
+---------------------+------------------+-----------------+
| 2015-02-17 14:28:42 | 3XTSc0w1         | 4Go6XIuL        |
| 2015-03-14 05:14:46 | aAk7c9t          | AV5skTl0n2zVz   |
| 2015-08-11 13:26:43 | cFFowFSb3        | nHBE5YFBbzuY    |
| 2015-10-27 01:53:50 | Eft2w3uVQ        | gWyc4tfA6t4BtXH |
| 2015-04-23 10:52:39 | fEkbR3Ll1ZR1bOdj | 7Z2cRr3ITF      |
| 2015-07-25 03:18:54 | jU7nSX3Vkjw      | PwEfmKxhl       |
| 2015-07-12 20:19:20 | LnnlXeQDHFfNp8   | FwCmHpN         |
| 2015-11-15 23:04:23 | S4A5JdS3UC1g5A   | hnP8JfJK        |
| 2015-12-19 08:17:47 | s8wF5NC2WcL      | mMWDx4tt        |
| 2015-09-22 11:31:39 | V0yB0shIgXjuewyw | v5sf6ix         |
+---------------------+------------------+-----------------+
10 rows in set (0.00 sec)

--------------
select * from  departs
--------------

+---------------------+------------------+-----------------+
| DepartureTime       | FlightNum        | AirportId       |
+---------------------+------------------+-----------------+
| 2015-02-16 09:24:41 | 3XTSc0w1         | v5sf6ix         |
| 2015-03-13 15:37:48 | aAk7c9t          | PwEfmKxhl       |
| 2015-08-10 15:30:52 | cFFowFSb3        | hnP8JfJK        |
| 2015-10-26 15:08:31 | Eft2w3uVQ        | FwCmHpN         |
| 2015-04-22 09:02:43 | fEkbR3Ll1ZR1bOdj | mMWDx4tt        |
| 2015-07-24 14:16:21 | jU7nSX3Vkjw      | AV5skTl0n2zVz   |
| 2015-07-11 03:19:55 | LnnlXeQDHFfNp8   | gWyc4tfA6t4BtXH |
| 2015-11-14 07:11:51 | S4A5JdS3UC1g5A   | nHBE5YFBbzuY    |
| 2015-12-18 05:02:01 | s8wF5NC2WcL      | 7Z2cRr3ITF      |
| 2015-09-21 08:14:52 | V0yB0shIgXjuewyw | 4Go6XIuL        |
+---------------------+------------------+-----------------+
10 rows in set (0.00 sec)

--------------
select * from  flight
--------------

+------------------+----------------+---------------------+------------+-----------------+-----------------+
| FlightNum        | FlightType     | FAirlineCompany     | AirplaneId | AAirportId      | DAirportId      |
+------------------+----------------+---------------------+------------+-----------------+-----------------+
| 3XTSc0w1         | Transatlantic  | Virtual Airline     | 454        | 4Go6XIuL        | v5sf6ix         |
| aAk7c9t          | Domestic       | Laserebeak Airlines | 457        | AV5skTl0n2zVz   | PwEfmKxhl       |
| cFFowFSb3        | Domestic       | Solar Airways       | 452        | nHBE5YFBbzuY    | hnP8JfJK        |
| Eft2w3uVQ        | Transatlantic  | Ferris Aircrafts    | 450        | gWyc4tfA6t4BtXH | FwCmHpN         |
| fEkbR3Ll1ZR1bOdj | Domestic       | Phoenix Airlines    | 458        | 7Z2cRr3ITF      | mMWDx4tt        |
| jU7nSX3Vkjw      | Transatlantic  | LEX Airways         | 456        | PwEfmKxhl       | AV5skTl0n2zVz   |
| LnnlXeQDHFfNp8   | Transatlantic  | Oceanic Airlines    | 451        | FwCmHpN         | gWyc4tfA6t4BtXH |
| S4A5JdS3UC1g5A   | Domestic       | Star Tours Airline  | 453        | hnP8JfJK        | nHBE5YFBbzuY    |
| s8wF5NC2WcL      | Interanational | Stark Airlines      | 459        | mMWDx4tt        | 7Z2cRr3ITF      |
| V0yB0shIgXjuewyw | Interanational | Wayne Airlines      | 455        | v5sf6ix         | 4Go6XIuL        |
+------------------+----------------+---------------------+------------+-----------------+-----------------+
10 rows in set (0.00 sec)

--------------
select * from  has
--------------

+---------+-------------+--------------+
| Fare    | ItineraryId | PassengerId  |
+---------+-------------+--------------+
|  443.57 | 0r3u48p7HI  | 228Mt1Pn4bw1 |
|  349.93 | 0z1U27j1Ni  | 238Xb3Yb1bv1 |
|  278.14 | 1U9G34g8va  | 812Fy7Ya2qa8 |
| 1674.00 | 2z6A63H8lI  | 532Qt3Ru1fp5 |
|  470.57 | 6J9F00Z8iv  | 977Nm7Rv5uo0 |
|  274.93 | 6L0r91u4ic  | 316Vy9Lr1zz8 |
|  211.36 | 7q0t92x8Fs  | 421Cv0Hz6bv8 |
|   81.01 | 8R7o79Z1Na  | 129Sw1Yh1ln5 |
|  740.26 | 9c0P37N5Kq  | 638Pw9Ix2sa6 |
|  958.82 | 9w0s77m5wu  | 821Hq4Df6ks9 |
+---------+-------------+--------------+
10 rows in set (0.00 sec)

--------------
select * from itinerary
--------------

+-------------+--------+------------+
| ItineraryId | LegNum | SeatNumber |
+-------------+--------+------------+
| 0r3u48p7HI  |      2 | 028C       |
| 0z1U27j1Ni  |      0 | 191A       |
| 1U9G34g8va  |      2 | 077A       |
| 2z6A63H8lI  |      3 | 020A       |
| 6J9F00Z8iv  |      0 | 210B       |
| 6L0r91u4ic  |      4 | 257D       |
| 7q0t92x8Fs  |      4 | 009B       |
| 8R7o79Z1Na  |      2 | 197B       |
| 9c0P37N5Kq  |      2 | 002A       |
| 9w0s77m5wu  |      3 | 047C       |
+-------------+--------+------------+
10 rows in set (0.00 sec)

--------------
select * from  passenger
--------------

+--------------+----------+----------+-------+-----------+--------------+-------------------------+-------------------------------------------+------------+------------------+-------------+
| IdNum        | IdType   | FName    | Minit | LName     | Phone        | Email                   | Address                                   | DOB        | PaymentId        | ItineraryId |
+--------------+----------+----------+-------+-----------+--------------+-------------------------+-------------------------------------------+------------+------------------+-------------+
| 129Sw1Yh1ln5 | State ID | Phelan   | K     | Nicholson | 594-502-1280 | Phelan@velit.gov        | 1605 East Namibia Blvd.                   | 1984-03-17 | 1504932062756989 | 6J9F00Z8iv  |
| 228Mt1Pn4bw1 | State ID | Wyatt    | A     | Guerrero  | 058-821-1698 | Wyatt@consectetuer.us   | 28111  New Caledonia Way                  | 1996-04-07 | 6824082366125565 | 6L0r91u4ic  |
| 238Xb3Yb1bv1 | State ID | Jason    | X     | Lane      | 611-427-9882 | Jason@Nulla.us          | 84345 West Cambodia St.                   | 1953-09-16 | 9432417733935053 | 9w0s77m5wu  |
| 316Vy9Lr1zz8 | License  | Jessica  | Y     | Willis    | 629-266-7432 | Jessica@urna.gov        | 40609 North Lithuania Ln.                 | 1980-02-17 | 0708457189565092 | 0r3u48p7HI  |
| 421Cv0Hz6bv8 | License  | Chava    | G     | Pugh      | 661-996-8856 | Chava@laoreet.edu       | 96196 South Beaver Falls Ave.             | 1985-04-10 | 3576428735796129 | 2z6A63H8lI  |
| 532Qt3Ru1fp5 | License  | Chandler | F     | Mercado   | 804-714-5201 | Chandler@erat.us        | 50665 South Highland Park Blvd.           | 1959-08-10 | 0528235582485817 | 7q0t92x8Fs  |
| 638Pw9Ix2sa6 | Passport | Ali      | S     | Fernandez | 204-351-0297 | Ignacia@scelerisque.gov | 64847 East Brunei Darussalam Ct.          | 1996-12-30 | 4331299394247220 | 1U9G34g8va  |
| 812Fy7Ya2qa8 | License  | Cassady  | J     | Carey     | 964-946-9768 | Cassady@ultricies.org   | 39942 West Central African Republic Blvd. | 1967-07-22 | 7049044963388063 | 9c0P37N5Kq  |
| 821Hq4Df6ks9 | Passport | Nehru    | A     | Whitney   | 581-948-3624 | Nehru@lacus.net         | 16558 South Kona Ct.                      | 2007-05-17 | 1638510283552897 | 0z1U27j1Ni  |
| 977Nm7Rv5uo0 | Passport | Amir     | H     | Fowler    | 664-043-6230 | Amir@nunc.edu           | 33924 North Cocos (Keeling) Islands Blvd. | 1985-04-17 | 2667953123847744 | 8R7o79Z1Na  |
+--------------+----------+----------+-------+-----------+--------------+-------------------------+-------------------------------------------+------------+------------------+-------------+
10 rows in set (0.00 sec)

--------------
select * from  payment
--------------

+------------------+------------------+------------+----------------+--------+--------------------+--------------+---------------------------------------------+--------------------+------------+
| CreditCardNum    | CreditCardType   | PDate      | ExpirationDate | Status | ConfirmationNumber | SecurityCode | BillingAddress                              | BillingName        | BillingZip |
+------------------+------------------+------------+----------------+--------+--------------------+--------------+---------------------------------------------+--------------------+------------+
| 0528235582485817 | Discover         | 2015-05-10 | 2019-09-13     |        | 2c0aQGYyHQSp       |          987 | 50686 South Falkland Islands (Malvinas) Ln. | Chandler F Mercado |      22120 |
| 0708457189565092 | MasterCard       | 2015-08-29 | 2019-01-28     |       | upEWdvhodcz0       |          345 | 40609 North Lithuania Ln.                   | Jessica Y Willis   |      79796 |
| 1504932062756989 | American Express | 2015-02-27 | 2016-06-03     |       | LMqk5BJUMrpk       |          357 | 1605 East Namibia Blvd.                     | Phelan K Nicholson |      94592 |
| 1638510283552897 | American Express | 2015-10-22 | 2016-12-09     |       | bASptOkWKzRZ       |          852 | 16558 South Kona Ct.                        | Nehru A Whitney    |      49958 |
| 2667953123847744 | Discover         | 2015-09-06 | 2019-08-15     |        | L9lmvpfDav4u       |          539 | 33924 North Cocos (Keeling) Islands Blvd.   | Amir H Fowler      |       8943 |
| 3576428735796129 | American Express | 2015-07-30 | 2018-09-07     |       | hf41HasPrQjf       |          423 | 58608 North Bulgaria Ln.                    | Chava G Pugh       |      35477 |
| 4331299394247220 | Visa             | 2015-06-28 | 2019-07-23     |        | XlRAy57tSx3Z       |          123 | 84483 South Mozambique St.                  | Ali S Fernandez    |      26630 |
| 6824082366125565 | American Express | 2015-06-08 | 2017-09-06     |       | dw7srtRZWT51       |           73 | 13537  Bangladesh Ln.                       | Wyatt A Guerrero   |      12290 |
| 7049044963388063 | MasterCard       | 2015-04-24 | 2016-07-24     |        | Nh09BA9KJLeh       |          356 | 57371 East Bahrain Way                      | Cassady J Carey    |      68674 |
| 9432417733935053 | Discover         | 2015-01-04 | 2017-03-09     |       | 7kvhdXUGWfSp       |          789 | 84345 West Cambodia St.                     | Jason X Lane       |       1724 |
+------------------+------------------+------------+----------------+--------+--------------------+--------------+---------------------------------------------+--------------------+------------+
10 rows in set (0.00 sec)

--------------
select * from  requires
--------------

+------------------+-------------+
| FlightNum        | ItineraryId |
+------------------+-------------+
| LnnlXeQDHFfNp8   | 0r3u48p7HI  |
| S4A5JdS3UC1g5A   | 0z1U27j1Ni  |
| Eft2w3uVQ        | 1U9G34g8va  |
| aAk7c9t          | 2z6A63H8lI  |
| 3XTSc0w1         | 6J9F00Z8iv  |
| fEkbR3Ll1ZR1bOdj | 6L0r91u4ic  |
| cFFowFSb3        | 7q0t92x8Fs  |
| V0yB0shIgXjuewyw | 8R7o79Z1Na  |
| s8wF5NC2WcL      | 9c0P37N5Kq  |
| jU7nSX3Vkjw      | 9w0s77m5wu  |
+------------------+-------------+
10 rows in set (0.00 sec)

--------------
UPDATE airplane
SET AirlineCompany='Nu Delta Airlines', AirplaneTypeName='Air Hamburg 777'
WHERE AirplaneID='453'
--------------

Query OK, 1 row affected (0.12 sec)
Rows matched: 1  Changed: 1  Warnings: 0

--------------
UPDATE airport
SET AName ='Hamburg International Airport', Location='Hamburg'
WHERE AirportId ='4Go6XIuL'
--------------

Query OK, 1 row affected (0.06 sec)
Rows matched: 1  Changed: 1  Warnings: 0

--------------
UPDATE flight
SET FlightType='domestic', FAirlineCompany='Hamburg',AAirportId='hnP8JfJK'
WHERE FlightNum ='3XTSc0w1'
--------------

Query OK, 1 row affected (0.06 sec)
Rows matched: 1  Changed: 1  Warnings: 0

--------------
UPDATE arrives
SET ArrivalTime ='2015-9-23 07:11:23'
WHERE FlightNum ='V0yB0shIgXjuewyw' AND AirportId ='v5sf6ix'
--------------

Query OK, 1 row affected (0.04 sec)
Rows matched: 1  Changed: 1  Warnings: 0

--------------
UPDATE departs
SET DepartureTime ='2015-9-22 13:19:26'
WHERE FlightNum ='V0yB0shIgXjuewyw' AND AirportId ='4Go6XIuL'
--------------

Query OK, 1 row affected (0.03 sec)
Rows matched: 1  Changed: 1  Warnings: 0

--------------
UPDATE payment
SET BillingAddress='Orangeburg', BillingZip='29115'
WHERE CreditCardNum='9432417733935053' AND CreditCardType='Discover'
--------------

Query OK, 1 row affected (0.05 sec)
Rows matched: 1  Changed: 1  Warnings: 0

--------------
UPDATE itinerary
SET SeatNumber ='009A'
WHERE ItineraryId='7q0t92x8Fs'
--------------

Query OK, 1 row affected (0.03 sec)
Rows matched: 1  Changed: 1  Warnings: 0

--------------
DELETE from passenger 
WHERE IdNum  = '228Mt1Pn4bw1' and IdType  ='State ID'
--------------

Query OK, 1 row affected (0.03 sec)

--------------
INSERT INTO passenger VALUES ('228Mt1Pn4bw1','Passport','Walter','W','White','505-555-1258','walterwhite@breaking.bad','308 Negra Arroyo Lane','1996-04-07','6824082366125565','6L0r91u4ic')
--------------

Query OK, 1 row affected (0.05 sec)

--------------
INSERT INTO payment VALUES ('7049044963388063','MasterCard','2015/05/24','2016/07/24',1,'NBAho99KJLoh',356,'57371 East Bahrain Way','Cassady J Carey','68674')
--------------

Query OK, 1 row affected (0.05 sec)

--------------
INSERT INTO passenger VALUES ('8122qaFy7Ya8','License','Cassady','J','Carey','964-946-9768','Cassady@ultricies.org','39942 West Central African Republic Blvd.','1967-07-22','7049044963388063','9c0P37N5Kq')
--------------

Query OK, 1 row affected (0.03 sec)

--------------
select * from airplane
--------------

+------------+---------------------+-----------+----------------+------------------+
| AirplaneId | AirlineCompany      | CrewSeats | PassengerSeats | AirplaneTypeName |
+------------+---------------------+-----------+----------------+------------------+
| 450        | Ferris Aircrafts    |        10 |            227 | Air QOSBXs 682   |
| 451        | Oceanic Airlines    |        17 |            116 | Air WPNbFZ 128   |
| 452        | Solar Airways       |        16 |            298 | Air BbXYuu 710   |
| 453        | Nu Delta Airlines   |        13 |            305 | Air Hamburg 777  |
| 454        | Virtual Airline     |        12 |            800 | Air ZzAWvV 174   |
| 455        | Wayne Airlines      |        21 |            253 | Air YLjEJR 423   |
| 456        | LEX Airways         |        18 |            251 | Air MEPsvJ 948   |
| 457        | Laserebeak Airlines |        21 |            312 | Air RXbORg 192   |
| 458        | Phoenix Airlines    |        20 |             99 | Air QCOjdx 012   |
| 459        | Stark Airlines      |        14 |            357 | Air OvoJfk 900   |
+------------+---------------------+-----------+----------------+------------------+
10 rows in set (0.00 sec)

--------------
select * from airport
--------------

+-----------------+--------------------------------------+-------------+
| AirportId       | AName                                | Location    |
+-----------------+--------------------------------------+-------------+
| 4Go6XIuL        | Hamburg International Airport        | Hamburg     |
| 7Z2cRr3ITF      | Atlantis International Airport       | Pullman     |
| AV5skTl0n2zVz   | Denver International Airport         | Santa Clara |
| FwCmHpN         | Justice League International Airport | Miami Beach |
| gWyc4tfA6t4BtXH | Guantanamo International Airport     | Moore       |
| hnP8JfJK        | Blitz Krieg Airport                  | New Castle  |
| mMWDx4tt        | Seattle International Airport        | Austin      |
| nHBE5YFBbzuY    | Valkyrie International Airport       | Ontario     |
| PwEfmKxhl       | Laguardia International Airport      | Salinas     |
| v5sf6ix         | Boston Harbor Airport                | Visalia     |
+-----------------+--------------------------------------+-------------+
10 rows in set (0.00 sec)

--------------
select * from  flight
--------------

+------------------+----------------+---------------------+------------+-----------------+-----------------+
| FlightNum        | FlightType     | FAirlineCompany     | AirplaneId | AAirportId      | DAirportId      |
+------------------+----------------+---------------------+------------+-----------------+-----------------+
| 3XTSc0w1         | domestic       | Hamburg             | 454        | hnP8JfJK        | v5sf6ix         |
| aAk7c9t          | Domestic       | Laserebeak Airlines | 457        | AV5skTl0n2zVz   | PwEfmKxhl       |
| cFFowFSb3        | Domestic       | Solar Airways       | 452        | nHBE5YFBbzuY    | hnP8JfJK        |
| Eft2w3uVQ        | Transatlantic  | Ferris Aircrafts    | 450        | gWyc4tfA6t4BtXH | FwCmHpN         |
| fEkbR3Ll1ZR1bOdj | Domestic       | Phoenix Airlines    | 458        | 7Z2cRr3ITF      | mMWDx4tt        |
| jU7nSX3Vkjw      | Transatlantic  | LEX Airways         | 456        | PwEfmKxhl       | AV5skTl0n2zVz   |
| LnnlXeQDHFfNp8   | Transatlantic  | Oceanic Airlines    | 451        | FwCmHpN         | gWyc4tfA6t4BtXH |
| S4A5JdS3UC1g5A   | Domestic       | Star Tours Airline  | 453        | hnP8JfJK        | nHBE5YFBbzuY    |
| s8wF5NC2WcL      | Interanational | Stark Airlines      | 459        | mMWDx4tt        | 7Z2cRr3ITF      |
| V0yB0shIgXjuewyw | Interanational | Wayne Airlines      | 455        | v5sf6ix         | 4Go6XIuL        |
+------------------+----------------+---------------------+------------+-----------------+-----------------+
10 rows in set (0.00 sec)

--------------
select * from arrives
--------------

+---------------------+------------------+-----------------+
| ArrivalTime         | FlightNum        | AirportId       |
+---------------------+------------------+-----------------+
| 2015-02-17 14:28:42 | 3XTSc0w1         | 4Go6XIuL        |
| 2015-03-14 05:14:46 | aAk7c9t          | AV5skTl0n2zVz   |
| 2015-08-11 13:26:43 | cFFowFSb3        | nHBE5YFBbzuY    |
| 2015-10-27 01:53:50 | Eft2w3uVQ        | gWyc4tfA6t4BtXH |
| 2015-04-23 10:52:39 | fEkbR3Ll1ZR1bOdj | 7Z2cRr3ITF      |
| 2015-07-25 03:18:54 | jU7nSX3Vkjw      | PwEfmKxhl       |
| 2015-07-12 20:19:20 | LnnlXeQDHFfNp8   | FwCmHpN         |
| 2015-11-15 23:04:23 | S4A5JdS3UC1g5A   | hnP8JfJK        |
| 2015-12-19 08:17:47 | s8wF5NC2WcL      | mMWDx4tt        |
| 2015-09-23 07:11:23 | V0yB0shIgXjuewyw | v5sf6ix         |
+---------------------+------------------+-----------------+
10 rows in set (0.00 sec)

--------------
select * from  departs
--------------

+---------------------+------------------+-----------------+
| DepartureTime       | FlightNum        | AirportId       |
+---------------------+------------------+-----------------+
| 2015-02-16 09:24:41 | 3XTSc0w1         | v5sf6ix         |
| 2015-03-13 15:37:48 | aAk7c9t          | PwEfmKxhl       |
| 2015-08-10 15:30:52 | cFFowFSb3        | hnP8JfJK        |
| 2015-10-26 15:08:31 | Eft2w3uVQ        | FwCmHpN         |
| 2015-04-22 09:02:43 | fEkbR3Ll1ZR1bOdj | mMWDx4tt        |
| 2015-07-24 14:16:21 | jU7nSX3Vkjw      | AV5skTl0n2zVz   |
| 2015-07-11 03:19:55 | LnnlXeQDHFfNp8   | gWyc4tfA6t4BtXH |
| 2015-11-14 07:11:51 | S4A5JdS3UC1g5A   | nHBE5YFBbzuY    |
| 2015-12-18 05:02:01 | s8wF5NC2WcL      | 7Z2cRr3ITF      |
| 2015-09-22 13:19:26 | V0yB0shIgXjuewyw | 4Go6XIuL        |
+---------------------+------------------+-----------------+
10 rows in set (0.00 sec)

--------------
select * from  payment
--------------

+------------------+------------------+------------+----------------+--------+--------------------+--------------+---------------------------------------------+--------------------+------------+
| CreditCardNum    | CreditCardType   | PDate      | ExpirationDate | Status | ConfirmationNumber | SecurityCode | BillingAddress                              | BillingName        | BillingZip |
+------------------+------------------+------------+----------------+--------+--------------------+--------------+---------------------------------------------+--------------------+------------+
| 0528235582485817 | Discover         | 2015-05-10 | 2019-09-13     |        | 2c0aQGYyHQSp       |          987 | 50686 South Falkland Islands (Malvinas) Ln. | Chandler F Mercado |      22120 |
| 0708457189565092 | MasterCard       | 2015-08-29 | 2019-01-28     |       | upEWdvhodcz0       |          345 | 40609 North Lithuania Ln.                   | Jessica Y Willis   |      79796 |
| 1504932062756989 | American Express | 2015-02-27 | 2016-06-03     |       | LMqk5BJUMrpk       |          357 | 1605 East Namibia Blvd.                     | Phelan K Nicholson |      94592 |
| 1638510283552897 | American Express | 2015-10-22 | 2016-12-09     |       | bASptOkWKzRZ       |          852 | 16558 South Kona Ct.                        | Nehru A Whitney    |      49958 |
| 2667953123847744 | Discover         | 2015-09-06 | 2019-08-15     |        | L9lmvpfDav4u       |          539 | 33924 North Cocos (Keeling) Islands Blvd.   | Amir H Fowler      |       8943 |
| 3576428735796129 | American Express | 2015-07-30 | 2018-09-07     |       | hf41HasPrQjf       |          423 | 58608 North Bulgaria Ln.                    | Chava G Pugh       |      35477 |
| 4331299394247220 | Visa             | 2015-06-28 | 2019-07-23     |        | XlRAy57tSx3Z       |          123 | 84483 South Mozambique St.                  | Ali S Fernandez    |      26630 |
| 6824082366125565 | American Express | 2015-06-08 | 2017-09-06     |       | dw7srtRZWT51       |           73 | 13537  Bangladesh Ln.                       | Wyatt A Guerrero   |      12290 |
| 7049044963388063 | MasterCard       | 2015-05-24 | 2016-07-24     |       | NBAho99KJLoh       |          356 | 57371 East Bahrain Way                      | Cassady J Carey    |      68674 |
| 7049044963388063 | MasterCard       | 2015-04-24 | 2016-07-24     |        | Nh09BA9KJLeh       |          356 | 57371 East Bahrain Way                      | Cassady J Carey    |      68674 |
| 9432417733935053 | Discover         | 2015-01-04 | 2017-03-09     |       | 7kvhdXUGWfSp       |          789 | Orangeburg                                  | Jason X Lane       |      29115 |
+------------------+------------------+------------+----------------+--------+--------------------+--------------+---------------------------------------------+--------------------+------------+
11 rows in set (0.00 sec)

--------------
select * from itinerary
--------------

+-------------+--------+------------+
| ItineraryId | LegNum | SeatNumber |
+-------------+--------+------------+
| 0r3u48p7HI  |      2 | 028C       |
| 0z1U27j1Ni  |      0 | 191A       |
| 1U9G34g8va  |      2 | 077A       |
| 2z6A63H8lI  |      3 | 020A       |
| 6J9F00Z8iv  |      0 | 210B       |
| 6L0r91u4ic  |      4 | 257D       |
| 7q0t92x8Fs  |      4 | 009A       |
| 8R7o79Z1Na  |      2 | 197B       |
| 9c0P37N5Kq  |      2 | 002A       |
| 9w0s77m5wu  |      3 | 047C       |
+-------------+--------+------------+
10 rows in set (0.00 sec)

--------------
select * from  passenger
--------------

+--------------+----------+----------+-------+-----------+--------------+--------------------------+-------------------------------------------+------------+------------------+-------------+
| IdNum        | IdType   | FName    | Minit | LName     | Phone        | Email                    | Address                                   | DOB        | PaymentId        | ItineraryId |
+--------------+----------+----------+-------+-----------+--------------+--------------------------+-------------------------------------------+------------+------------------+-------------+
| 129Sw1Yh1ln5 | State ID | Phelan   | K     | Nicholson | 594-502-1280 | Phelan@velit.gov         | 1605 East Namibia Blvd.                   | 1984-03-17 | 1504932062756989 | 6J9F00Z8iv  |
| 228Mt1Pn4bw1 | Passport | Walter   | W     | White     | 505-555-1258 | walterwhite@breaking.bad | 308 Negra Arroyo Lane                     | 1996-04-07 | 6824082366125565 | 6L0r91u4ic  |
| 238Xb3Yb1bv1 | State ID | Jason    | X     | Lane      | 611-427-9882 | Jason@Nulla.us           | 84345 West Cambodia St.                   | 1953-09-16 | 9432417733935053 | 9w0s77m5wu  |
| 316Vy9Lr1zz8 | License  | Jessica  | Y     | Willis    | 629-266-7432 | Jessica@urna.gov         | 40609 North Lithuania Ln.                 | 1980-02-17 | 0708457189565092 | 0r3u48p7HI  |
| 421Cv0Hz6bv8 | License  | Chava    | G     | Pugh      | 661-996-8856 | Chava@laoreet.edu        | 96196 South Beaver Falls Ave.             | 1985-04-10 | 3576428735796129 | 2z6A63H8lI  |
| 532Qt3Ru1fp5 | License  | Chandler | F     | Mercado   | 804-714-5201 | Chandler@erat.us         | 50665 South Highland Park Blvd.           | 1959-08-10 | 0528235582485817 | 7q0t92x8Fs  |
| 638Pw9Ix2sa6 | Passport | Ali      | S     | Fernandez | 204-351-0297 | Ignacia@scelerisque.gov  | 64847 East Brunei Darussalam Ct.          | 1996-12-30 | 4331299394247220 | 1U9G34g8va  |
| 8122qaFy7Ya8 | License  | Cassady  | J     | Carey     | 964-946-9768 | Cassady@ultricies.org    | 39942 West Central African Republic Blvd. | 1967-07-22 | 7049044963388063 | 9c0P37N5Kq  |
| 812Fy7Ya2qa8 | License  | Cassady  | J     | Carey     | 964-946-9768 | Cassady@ultricies.org    | 39942 West Central African Republic Blvd. | 1967-07-22 | 7049044963388063 | 9c0P37N5Kq  |
| 821Hq4Df6ks9 | Passport | Nehru    | A     | Whitney   | 581-948-3624 | Nehru@lacus.net          | 16558 South Kona Ct.                      | 2007-05-17 | 1638510283552897 | 0z1U27j1Ni  |
| 977Nm7Rv5uo0 | Passport | Amir     | H     | Fowler    | 664-043-6230 | Amir@nunc.edu            | 33924 North Cocos (Keeling) Islands Blvd. | 1985-04-17 | 2667953123847744 | 8R7o79Z1Na  |
+--------------+----------+----------+-------+-----------+--------------+--------------------------+-------------------------------------------+------------+------------------+-------------+
11 rows in set (0.00 sec)

--------------
select AirlineCompany
from airplane
where AirplaneId='457'
--------------

+---------------------+
| AirlineCompany      |
+---------------------+
| Laserebeak Airlines |
+---------------------+
1 row in set (0.00 sec)

--------------
select Aname,Location
from airport
where AirportId='4Go6XIuL'
--------------

+-------------------------------+----------+
| Aname                         | Location |
+-------------------------------+----------+
| Hamburg International Airport | Hamburg  |
+-------------------------------+----------+
1 row in set (0.00 sec)

--------------
select FName,Minit,LName
from passenger
where DOB='1959-08-10'
--------------

+----------+-------+---------+
| FName    | Minit | LName   |
+----------+-------+---------+
| Chandler | F     | Mercado |
+----------+-------+---------+
1 row in set (0.00 sec)

--------------
select FlightType,FAirlineCompany
from flight
where FlightNum ='LnnlXeQDHFfNp8'
--------------

+---------------+------------------+
| FlightType    | FAirlineCompany  |
+---------------+------------------+
| Transatlantic | Oceanic Airlines |
+---------------+------------------+
1 row in set (0.00 sec)

--------------
select IdType
from passenger
where IdNum='812Fy7Ya2qa8'
--------------

+---------+
| IdType  |
+---------+
| License |
+---------+
1 row in set (0.00 sec)

--------------
select Distinct FAirlineCompany,FlightType 
from flight,airplane
where FlightNum = 'cFFowFSb3' AND AAirportId ='nHBE5YFBbzuY'
--------------

+-----------------+------------+
| FAirlineCompany | FlightType |
+-----------------+------------+
| Solar Airways   | Domestic   |
+-----------------+------------+
1 row in set (0.02 sec)

--------------
select fare,Email
from passenger,has
where passenger.ItineraryId='1U9G34g8va' AND has.ItineraryId='1U9G34g8va'
--------------

+--------+-------------------------+
| fare   | Email                   |
+--------+-------------------------+
| 278.14 | Ignacia@scelerisque.gov |
+--------+-------------------------+
1 row in set (0.00 sec)

--------------
select ArrivalTime,DepartureTime
from arrives,departs
where arrives.FlightNum='s8wF5NC2WcL' AND departs.FlightNum='s8wF5NC2WcL'
--------------

+---------------------+---------------------+
| ArrivalTime         | DepartureTime       |
+---------------------+---------------------+
| 2015-12-19 08:17:47 | 2015-12-18 05:02:01 |
+---------------------+---------------------+
1 row in set (0.00 sec)

--------------
select FName,Minit,LName,Billingzip,CreditCardType
from passenger,payment
where passenger.Address=payment.BillingAddress
--------------

+---------+-------+-----------+------------+------------------+
| FName   | Minit | LName     | Billingzip | CreditCardType   |
+---------+-------+-----------+------------+------------------+
| Jessica | Y     | Willis    |      79796 | MasterCard       |
| Phelan  | K     | Nicholson |      94592 | American Express |
| Nehru   | A     | Whitney   |      49958 | American Express |
| Amir    | H     | Fowler    |       8943 | Discover         |
+---------+-------+-----------+------------+------------------+
4 rows in set (0.00 sec)

--------------
select distinct avg(fare), count(IdNum)
from has,passenger
where IdType='License' AND IdNum=PassengerId
--------------

+------------+--------------+
| avg(fare)  | count(IdNum) |
+------------+--------------+
| 609.607500 |            4 |
+------------+--------------+
1 row in set (0.00 sec)

--------------
select distinct max(CreditCardNum), count(IdNum )
from passenger,payment
where payment.status=0
group by IdNum
--------------

+--------------------+---------------+
| max(CreditCardNum) | count(IdNum ) |
+--------------------+---------------+
| 7049044963388063   |             4 |
+--------------------+---------------+
1 row in set (0.00 sec)

--------------
select distinct IdNum, idtype,count(*)
from passenger,payment
where PaymentId=CreditCardNum
group by IdNum,IdType
--------------

+--------------+----------+----------+
| IdNum        | idtype   | count(*) |
+--------------+----------+----------+
| 129Sw1Yh1ln5 | State ID |        1 |
| 228Mt1Pn4bw1 | Passport |        1 |
| 238Xb3Yb1bv1 | State ID |        1 |
| 316Vy9Lr1zz8 | License  |        1 |
| 421Cv0Hz6bv8 | License  |        1 |
| 532Qt3Ru1fp5 | License  |        1 |
| 638Pw9Ix2sa6 | Passport |        1 |
| 8122qaFy7Ya8 | License  |        2 |
| 812Fy7Ya2qa8 | License  |        2 |
| 821Hq4Df6ks9 | Passport |        1 |
| 977Nm7Rv5uo0 | Passport |        1 |
+--------------+----------+----------+
11 rows in set (0.00 sec)

--------------
select distinct IdNum, idtype,count(*)
from passenger,payment
where PaymentId=CreditCardNum
group by IdNum,IdType
having count(*)>1
--------------

+--------------+---------+----------+
| IdNum        | idtype  | count(*) |
+--------------+---------+----------+
| 8122qaFy7Ya8 | License |        2 |
| 812Fy7Ya2qa8 | License |        2 |
+--------------+---------+----------+
2 rows in set (0.00 sec)

--------------
select  Fname,LName,Phone
from passenger
where idtype ='Passport'
union
( 
select Fname,LName,Phone
 from passenger
where  idtype ='State ID'
)
--------------

+--------+-----------+--------------+
| Fname  | LName     | Phone        |
+--------+-----------+--------------+
| Walter | White     | 505-555-1258 |
| Ali    | Fernandez | 204-351-0297 |
| Nehru  | Whitney   | 581-948-3624 |
| Amir   | Fowler    | 664-043-6230 |
| Phelan | Nicholson | 594-502-1280 |
| Jason  | Lane      | 611-427-9882 |
+--------+-----------+--------------+
6 rows in set (0.00 sec)

--------------
SELECT passenger.IdNum, passenger.FName, passenger.Address,payment.BillingAddress
FROM passenger
INNER JOIN payment
ON passenger.PaymentId=payment.CreditCardNum
--------------

+--------------+----------+-------------------------------------------+---------------------------------------------+
| IdNum        | FName    | Address                                   | BillingAddress                              |
+--------------+----------+-------------------------------------------+---------------------------------------------+
| 129Sw1Yh1ln5 | Phelan   | 1605 East Namibia Blvd.                   | 1605 East Namibia Blvd.                     |
| 228Mt1Pn4bw1 | Walter   | 308 Negra Arroyo Lane                     | 13537  Bangladesh Ln.                       |
| 238Xb3Yb1bv1 | Jason    | 84345 West Cambodia St.                   | Orangeburg                                  |
| 316Vy9Lr1zz8 | Jessica  | 40609 North Lithuania Ln.                 | 40609 North Lithuania Ln.                   |
| 421Cv0Hz6bv8 | Chava    | 96196 South Beaver Falls Ave.             | 58608 North Bulgaria Ln.                    |
| 532Qt3Ru1fp5 | Chandler | 50665 South Highland Park Blvd.           | 50686 South Falkland Islands (Malvinas) Ln. |
| 638Pw9Ix2sa6 | Ali      | 64847 East Brunei Darussalam Ct.          | 84483 South Mozambique St.                  |
| 8122qaFy7Ya8 | Cassady  | 39942 West Central African Republic Blvd. | 57371 East Bahrain Way                      |
| 8122qaFy7Ya8 | Cassady  | 39942 West Central African Republic Blvd. | 57371 East Bahrain Way                      |
| 812Fy7Ya2qa8 | Cassady  | 39942 West Central African Republic Blvd. | 57371 East Bahrain Way                      |
| 812Fy7Ya2qa8 | Cassady  | 39942 West Central African Republic Blvd. | 57371 East Bahrain Way                      |
| 821Hq4Df6ks9 | Nehru    | 16558 South Kona Ct.                      | 16558 South Kona Ct.                        |
| 977Nm7Rv5uo0 | Amir     | 33924 North Cocos (Keeling) Islands Blvd. | 33924 North Cocos (Keeling) Islands Blvd.   |
+--------------+----------+-------------------------------------------+---------------------------------------------+
13 rows in set (0.00 sec)

--------------
create view nationals 
as select Fname,Minit,Lname,Email
from passenger
where IdType='State ID' OR IdType='License' 
order by Fname
--------------

Query OK, 0 rows affected (0.03 sec)

--------------
select * from nationals
--------------

+----------+-------+-----------+-----------------------+
| Fname    | Minit | Lname     | Email                 |
+----------+-------+-----------+-----------------------+
| Cassady  | J     | Carey     | Cassady@ultricies.org |
| Cassady  | J     | Carey     | Cassady@ultricies.org |
| Chandler | F     | Mercado   | Chandler@erat.us      |
| Chava    | G     | Pugh      | Chava@laoreet.edu     |
| Jason    | X     | Lane      | Jason@Nulla.us        |
| Jessica  | Y     | Willis    | Jessica@urna.gov      |
| Phelan   | K     | Nicholson | Phelan@velit.gov      |
+----------+-------+-----------+-----------------------+
7 rows in set (0.00 sec)

--------------
Create view creditdis as
SELECT passenger.IdNum, passenger.FName, passenger.Minit, passenger.Lname,passenger.email,payment.CreditCardType
FROM passenger
INNER JOIN payment
ON passenger.PaymentId=payment.CreditCardNum
--------------

Query OK, 0 rows affected (0.03 sec)

--------------
select * from creditdis
--------------

+--------------+----------+-------+-----------+--------------------------+------------------+
| IdNum        | FName    | Minit | Lname     | email                    | CreditCardType   |
+--------------+----------+-------+-----------+--------------------------+------------------+
| 129Sw1Yh1ln5 | Phelan   | K     | Nicholson | Phelan@velit.gov         | American Express |
| 228Mt1Pn4bw1 | Walter   | W     | White     | walterwhite@breaking.bad | American Express |
| 238Xb3Yb1bv1 | Jason    | X     | Lane      | Jason@Nulla.us           | Discover         |
| 316Vy9Lr1zz8 | Jessica  | Y     | Willis    | Jessica@urna.gov         | MasterCard       |
| 421Cv0Hz6bv8 | Chava    | G     | Pugh      | Chava@laoreet.edu        | American Express |
| 532Qt3Ru1fp5 | Chandler | F     | Mercado   | Chandler@erat.us         | Discover         |
| 638Pw9Ix2sa6 | Ali      | S     | Fernandez | Ignacia@scelerisque.gov  | Visa             |
| 8122qaFy7Ya8 | Cassady  | J     | Carey     | Cassady@ultricies.org    | MasterCard       |
| 8122qaFy7Ya8 | Cassady  | J     | Carey     | Cassady@ultricies.org    | MasterCard       |
| 812Fy7Ya2qa8 | Cassady  | J     | Carey     | Cassady@ultricies.org    | MasterCard       |
| 812Fy7Ya2qa8 | Cassady  | J     | Carey     | Cassady@ultricies.org    | MasterCard       |
| 821Hq4Df6ks9 | Nehru    | A     | Whitney   | Nehru@lacus.net          | American Express |
| 977Nm7Rv5uo0 | Amir     | H     | Fowler    | Amir@nunc.edu            | Discover         |
+--------------+----------+-------+-----------+--------------------------+------------------+
13 rows in set (0.00 sec)

--------------
create view unacceptables
as select Fname,Minit,Lname,Email,CreditCardType
from creditdis
where CreditCardType='Discover' OR CreditCardType='American Express' 
order by Fname,CreditCardType
--------------

Query OK, 0 rows affected (0.04 sec)

--------------
select * from unacceptables
--------------

+----------+-------+-----------+--------------------------+------------------+
| Fname    | Minit | Lname     | Email                    | CreditCardType   |
+----------+-------+-----------+--------------------------+------------------+
| Amir     | H     | Fowler    | Amir@nunc.edu            | Discover         |
| Chandler | F     | Mercado   | Chandler@erat.us         | Discover         |
| Chava    | G     | Pugh      | Chava@laoreet.edu        | American Express |
| Jason    | X     | Lane      | Jason@Nulla.us           | Discover         |
| Nehru    | A     | Whitney   | Nehru@lacus.net          | American Express |
| Phelan   | K     | Nicholson | Phelan@velit.gov         | American Express |
| Walter   | W     | White     | walterwhite@breaking.bad | American Express |
+----------+-------+-----------+--------------------------+------------------+
7 rows in set (0.00 sec)

--------------
select Minit from unacceptables
--------------

+-------+
| Minit |
+-------+
| H     |
| F     |
| G     |
| X     |
| A     |
| K     |
| W     |
+-------+
7 rows in set (0.00 sec)

Bye
